Empresa;Sigla;Conselho;Conselheiro;Cargo;Orgao Indicante;Data Inicio
Agencia Brasileira Gestora de Fundos Garantidores e Garantias S.A.;ABGF;De Administracao;Pedro Helena Pontual Machado;Membro (Titular);Ministerio da Gestao - CA (Paragrafo unico Art. 32 Lei n 14.600/2023);17/08/2023
Agencia Brasileira Gestora de Fundos Garantidores e Garantias S.A.;ABGF;De Administracao;Carlos Alberto De Paula;Membro (Titular);Controlador - Ministerio Setorial/Ministerio da Fazenda;12/01/2024
Agencia Brasileira Gestora de Fundos Garantidores e Garantias S.A.;ABGF;De Administracao;Ana Maria Melo Netto Oliveira;Membro (Titular);Controlador - Ministerio Setorial/Ministerio da Fazenda;20/06/2023
Agencia Brasileira Gestora de Fundos Garantidores e Garantias S.A.;ABGF;De Administracao;Andalessia Lana Borges Camara;Membro (Titular);Controlador - Ministerio Setorial/Ministerio da Fazenda;20/06/2023
Agencia Brasileira Gestora de Fundos Garantidores e Garantias S.A.;ABGF;De Administracao;Juliana Pinheiro De Melo Vilar Falcao;Vice-presidente (Titular);Controlador - Ministerio Setorial/Ministerio da Fazenda;20/06/2023
AMAZONIA AZUL TECNOLOGIA DE DEFESA S.A. - AMAZUL;AMAZUL;De Administracao;Newton De Almeida Costa Neto;Membro (Titular);Cargo estatutario do presidente da empresa;25/04/2023
AMAZONIA AZUL TECNOLOGIA DE DEFESA S.A. - AMAZUL;AMAZUL;De Administracao;Paulino Da Silva Marinho;Membro (Titular);Ministerio da Gestao - CA (Paragrafo unico Art. 32 Lei n 14.600/2023);30/06/2023
AMAZONIA AZUL TECNOLOGIA DE DEFESA S.A. - AMAZUL;AMAZUL;De Administracao;Marcel Zara De Souza Lima;Membro (Titular);Representante dos Empregados;18/04/2023
AMAZONIA AZUL TECNOLOGIA DE DEFESA S.A. - AMAZUL;AMAZUL;De Administracao;Luis Manuel Rebelo Fernandes;Membro (Titular);Controlador - Outros Ministerios/Ministerio da Ciencia Tecnologia e Inovacao;18/04/2023
AMAZONIA AZUL TECNOLOGIA DE DEFESA S.A. - AMAZUL;AMAZUL;De Administracao;Arthur Fernando Bettega Correa;Membro (Titular);Controlador - Outros Ministerios/Ministerio da Defesa;19/04/2024
AMAZONIA AZUL TECNOLOGIA DE DEFESA S.A. - AMAZUL;AMAZUL;De Administracao;Alexandre Rabello De Faria;Presidente (Titular);Controlador - Outros Ministerios/Ministerio da Defesa - Comando da Marinha;19/04/2024
AMAZONIA AZUL TECNOLOGIA DE DEFESA S.A. - AMAZUL;AMAZUL;De Administracao;Eduardo Machado Vazquez;Membro (Titular);Controlador - Outros Ministerios/Ministerio da Defesa - Comando da Marinha;05/06/2023
ATIVOS S.A. - SECURITIZADORA DE CReDITOS FINANCEIROS;ATIVOS S.A.;De Administracao;Marcio Antonio Chiumento;Vice-presidente (Titular);Controlador - Holding;28/04/2022
ATIVOS S.A. - SECURITIZADORA DE CReDITOS FINANCEIROS;ATIVOS S.A.;De Administracao;Jose Eduardo Pereira De Lima;Presidente (Titular);Controlador - Holding;11/12/2023
ATIVOS S.A. - SECURITIZADORA DE CReDITOS FINANCEIROS;ATIVOS S.A.;De Administracao;Jose Alipio Dos Santos;Membro (Titular);Controlador - Holding;06/08/2018
ATIVOS S.A. - SECURITIZADORA DE CReDITOS FINANCEIROS;ATIVOS S.A.;De Administracao;Emir Simao Sader;Membro (Titular);Controlador - Holding;01/11/2023
ATIVOS S.A. - SECURITIZADORA DE CReDITOS FINANCEIROS;ATIVOS S.A.;De Administracao;Eslei Jose De Morais;Membro (Titular);Controlador - Holding;24/06/2021
ATIVOS S.A. - SECURITIZADORA DE CReDITOS FINANCEIROS;ATIVOS S.A.;De Administracao;Isabela Gomes Gebrim;Membro (Titular);Ministerio da Gestao - CA (Paragrafo unico Art. 32 Lei n 14.600/2023);01/06/2023
ATIVOS S.A. - SECURITIZADORA DE CReDITOS FINANCEIROS;ATIVOS S.A.;De Administracao;Juliano Brito Da Justa Neves;Membro (Titular);Controlador - Ministerio Setorial/Ministerio da Fazenda;01/06/2023
BANCO DA AMAZONIA S.A.;BASA;De Administracao;Lauro Arcangelo Zanol;Membro (Titular);Acionistas Minoritarios;22/04/2021
BANCO DA AMAZONIA S.A.;BASA;De Administracao;Luiz Claudio Moreira Lessa;Membro (Titular);Cargo estatutario do presidente da empresa;22/06/2023
BANCO DA AMAZONIA S.A.;BASA;De Administracao;Maria Abadia Da Silva Alves;Presidente (Titular);Ministerio da Gestao - CA (Paragrafo unico Art. 32 Lei n 14.600/2023);25/05/2023
BANCO DA AMAZONIA S.A.;BASA;De Administracao;Inalio Vieira Cruz;Membro (Titular);Representante dos Empregados;24/04/2023
BANCO DA AMAZONIA S.A.;BASA;De Administracao;Ana Patrizia Goncalves Lira Ribeiro;Membro (Titular);Controlador - Ministerio Setorial/Ministerio da Fazenda;29/06/2023
BANCO DA AMAZONIA S.A.;BASA;De Administracao;Rodrigo Octavio Orair;Membro (Titular);Controlador - Ministerio Setorial/Ministerio da Fazenda;29/06/2023
BANCO DA AMAZONIA S.A.;BASA;De Administracao;Antonio Carlos Villela Sequeira;Membro (Titular);Controlador - Ministerio Setorial/Ministerio da Fazenda;24/04/2023
Banco do Brasil S.A.;BB;De Administracao;Marcelo Gasparino Da Silva;Membro (Titular);Acionistas Minoritarios;27/04/2023
Banco do Brasil S.A.;BB;De Administracao;Robert Juenemann;Membro (Titular);Acionistas Minoritarios;27/04/2023
Banco do Brasil S.A.;BB;De Administracao;Kelly Tatiane Martins Quirino;Membro (Titular);Representante dos Empregados;27/04/2023
Banco do Brasil S.A.;BB;De Administracao;Elisa Vieira Leonel;Membro (Titular);Ministerio da Gestao - CA (Paragrafo unico Art. 32 Lei n 14.600/2023);27/04/2023
Banco do Brasil S.A.;BB;De Administracao;Paulo Roberto Simao Bijos;Membro (Titular);Controlador - Ministerio Setorial/Ministerio da Fazenda;12/07/2023
Banco do Brasil S.A.;BB;De Administracao;Dario Carnevalli Durigan;Presidente (Titular);Controlador - Ministerio Setorial/Ministerio da Fazenda;01/09/2023
Banco do Brasil S.A.;BB;De Administracao;Anelize Lenzi Ruas De Almeida;Membro (Titular);Controlador - Ministerio Setorial/Ministerio da Fazenda;27/04/2023
Banco do Brasil S.A.;BB;De Administracao;Tarciana Paula Gomes Medeiros;Membro (Titular);Cargo estatutario do presidente da empresa;27/04/2023
BANCO DO BRASIL AG VIENA - BB AG;BB;De Administracao;Jose Caetano De Andrade Minchillo;Membro (Titular);Controlador - Holding;18/05/2016
BANCO DO BRASIL AG VIENA - BB AG;BB;De Administracao;Leonardo Silva De Loyola Reis;Membro (Titular);Controlador - Holding;26/03/2015
BANCO DO BRASIL AG VIENA - BB AG;BB;De Administracao;Marco Tulio De Oliveira Mendonca;Membro (Titular);Controlador - Holding;03/02/2017
BANCO DO BRASIL AG VIENA - BB AG;BB;De Administracao;Eduardo Freitag David;Membro (Titular);Controlador - Holding;06/07/2017
BB Cayman Islands Holding;BB;De Administracao;Thiago Affonso Borsari;Membro (Titular);Controlador - Holding;19/07/2023
BB Cayman Islands Holding;BB;De Administracao;Ronal Mascarello;Presidente (Titular);Controlador - Holding;13/07/2022
BB Cayman Islands Holding;BB;De Administracao;Mario Matsumoto Fujii;Membro (Titular);Controlador - Holding;13/07/2022
BB Cayman Islands Holding;BB;De Administracao;Alexandre Winicius Da Costa Machado;Membro (Titular);Controlador - Holding;25/07/2022
BB ADMINISTRADORA DE CONSoRCIOS S.A. - BB CONSoRCIOS;BB;De Administracao;Alan Carlos Guedes De Oliviera;Presidente (Titular);Controlador - Holding;26/07/2023
BB ADMINISTRADORA DE CONSoRCIOS S.A. - BB CONSoRCIOS;BB;De Administracao;Alberto Martinhago Vieira;Vice-presidente (Titular);Controlador - Holding;26/07/2023
BB ADMINISTRADORA DE CONSoRCIOS S.A. - BB CONSoRCIOS;BB;De Administracao;Rosiane Barbosa Laviola;Membro (Titular);Controlador - Holding;28/11/2023
BB ADMINISTRADORA DE CONSoRCIOS S.A. - BB CONSoRCIOS;BB;De Administracao;Maria Izabel Gribel De Castro;Membro (Titular);Controlador - Holding;29/04/2022
BB ADMINISTRADORA DE CONSoRCIOS S.A. - BB CONSoRCIOS;BB;De Administracao;Jose Marques De Lima;Membro (Titular);Controlador - Holding;29/04/2022
BB ADMINISTRADORA DE CONSoRCIOS S.A. - BB CONSoRCIOS;BB;De Administracao;Patricia Lima Sousa;Membro (Titular);Ministerio da Gestao - CA (Paragrafo unico Art. 32 Lei n 14.600/2023);26/07/2023
BB ADMINISTRADORA DE CONSoRCIOS S.A. - BB CONSoRCIOS;BB;De Administracao;Marcos Rogerio De Souza;Membro (Titular);Controlador - Ministerio Setorial/Ministerio da Fazenda;16/10/2023
BB GESTaO DE RECURSOS - DISTRIBUIDORA DE TiTULOS E VALORES MOBILIaRIOS S.A. - BB DTVM;BB;De Administracao;Carla Nesi;Presidente (Titular);Controlador - Holding;22/05/2023
BB GESTaO DE RECURSOS - DISTRIBUIDORA DE TiTULOS E VALORES MOBILIaRIOS S.A. - BB DTVM;BB;De Administracao;Julio Cesar Vezzaro;Membro (Titular);Controlador - Holding;07/07/2023
BB GESTaO DE RECURSOS - DISTRIBUIDORA DE TiTULOS E VALORES MOBILIaRIOS S.A. - BB DTVM;BB;De Administracao;Paula Sayao Carvalho Araujo;Vice-presidente (Titular);Controlador - Holding;07/07/2023
BB GESTaO DE RECURSOS - DISTRIBUIDORA DE TiTULOS E VALORES MOBILIaRIOS S.A. - BB DTVM;BB;De Administracao;Valmir Prascidelli;Membro (Titular);Ministerio da Gestao - CA (Paragrafo unico Art. 32 Lei n 14.600/2023);01/09/2023
BB GESTaO DE RECURSOS - DISTRIBUIDORA DE TiTULOS E VALORES MOBILIaRIOS S.A. - BB DTVM;BB;De Administracao;Denison Martins Fernandes;Membro (Titular);Representante dos Empregados;05/05/2023
BB GESTaO DE RECURSOS - DISTRIBUIDORA DE TiTULOS E VALORES MOBILIaRIOS S.A. - BB DTVM;BB;De Administracao;Gustavo Caldas Guimaraes De Campos;Membro (Titular);Controlador - Ministerio Setorial/Ministerio da Fazenda;28/04/2023
BB GESTaO DE RECURSOS - DISTRIBUIDORA DE TiTULOS E VALORES MOBILIaRIOS S.A. - BB DTVM;BB;De Administracao;Fernando Manuel Pereira Afonso Ribeiro;Membro (Titular);Controlador - Holding;07/07/2023
BB GESTaO DE RECURSOS - DISTRIBUIDORA DE TiTULOS E VALORES MOBILIaRIOS S.A. - BB DTVM;BB;De Administracao;Newton Lima Neto;Membro (Titular);Controlador - Holding;01/09/2023
BB SEGURIDADE PARTICIPAcoES S.A.;BB;De Administracao;Maria Carolina Ferreira Lacerda;Membro (Titular);Acionistas Minoritarios;28/04/2023
BB SEGURIDADE PARTICIPAcoES S.A.;BB;De Administracao;Andre Gustavo Borba Assumpcao Haui;Membro (Titular);Cargo estatutario do presidente da empresa;20/02/2024
BB SEGURIDADE PARTICIPAcoES S.A.;BB;De Administracao;Gilberto Lourenco Da Aparecida;Membro (Titular);Controlador - Holding;05/11/2021
BB SEGURIDADE PARTICIPAcoES S.A.;BB;De Administracao;Kamillo Tononi Oliveira Silva;Presidente (Titular);Controlador - Holding;24/11/2023
BB SEGURIDADE PARTICIPAcoES S.A.;BB;De Administracao;Marcos Rogerio De Souza;Membro (Titular);Ministerio da Gestao - CA (Paragrafo unico Art. 32 Lei n 14.600/2023);30/06/2023
BB SEGURIDADE PARTICIPAcoES S.A.;BB;De Administracao;Guilherme Santos Mello;Membro (Titular);Controlador - Ministerio Setorial/Ministerio da Fazenda;26/05/2023
BB TECNOLOGIA E SERVIcOS S.A.;BB;De Administracao;Iraneth Rodrigues Monteiro;Membro (Titular);Controlador - Holding;05/09/2023
BB TECNOLOGIA E SERVIcOS S.A.;BB;De Administracao;Paulo Andre Rocha Alves;Presidente (Titular);Controlador - Holding;24/08/2023
BB TECNOLOGIA E SERVIcOS S.A.;BB;De Administracao;Rodrigo Costa Vasconcelos;Vice-presidente (Titular);Controlador - Holding;05/09/2023
BB TECNOLOGIA E SERVIcOS S.A.;BB;De Administracao;Luanna Sant'Anna Roncaratti;Membro (Titular);Ministerio da Gestao - CA (Paragrafo unico Art. 32 Lei n 14.600/2023);23/06/2023
BB TECNOLOGIA E SERVIcOS S.A.;BB;De Administracao;Felipe Aguiar Viana;Membro (Titular);Representante dos Empregados;27/10/2023
BB TECNOLOGIA E SERVIcOS S.A.;BB;De Administracao;Adriana Gomes De Paula Rocha;Membro (Titular);Controlador - Ministerio Setorial/Ministerio da Fazenda;02/05/2023
Banco do Nordeste do Brasil S.A.;BNB;De Administracao;Luiz Alberto Da Silva Junior;Membro (Titular);Acionistas Minoritarios;31/03/2023
Banco do Nordeste do Brasil S.A.;BNB;De Administracao;Paulo Henrique Saraiva Camara;Membro (Titular);Cargo estatutario do presidente da empresa;31/03/2023
Banco do Nordeste do Brasil S.A.;BNB;De Administracao;Adauto Modesto Junior;Membro (Titular);Ministerio da Gestao - CA (Paragrafo unico Art. 32 Lei n 14.600/2023);18/04/2023
Banco do Nordeste do Brasil S.A.;BNB;De Administracao;Romildo Carneiro Rolim;Membro (Titular);Representante dos Empregados;31/03/2023
Banco do Nordeste do Brasil S.A.;BNB;De Administracao;Olavo Rebelo De Carvalho Filho;Membro (Titular);Controlador - Ministerio Setorial/Ministerio da Fazenda;27/10/2023
Banco do Nordeste do Brasil S.A.;BNB;De Administracao;Marcello Froldi Negro;Presidente (Titular);Controlador - Ministerio Setorial/Ministerio da Fazenda;12/07/2023
Banco do Nordeste do Brasil S.A.;BNB;De Administracao;Maria Izolda Cela De Arruda Coelho;Membro (Titular);Controlador - Ministerio Setorial/Ministerio da Fazenda;18/04/2023
Banco Nacional de Desenvolvimento Economico e Social - BNDES;BNDES;De Administracao;Clarice Costa Calixto;Membro (Titular);Ministerio da Gestao - CA (Paragrafo unico Art. 32 Lei n 14.600/2023);28/04/2023
Banco Nacional de Desenvolvimento Economico e Social - BNDES;BNDES;De Administracao;Arthur Cesar Vasconcelos Koblitz;Membro (Titular);Representante dos Empregados;21/07/2020
Banco Nacional de Desenvolvimento Economico e Social - BNDES;BNDES;De Administracao;Jean Keiji Uema;Membro (Titular);Controlador - Ministerio Setorial/Ministerio do Desenvolvimento Industria Comercio e Servicos;19/01/2023
Banco Nacional de Desenvolvimento Economico e Social - BNDES;BNDES;De Administracao;Clemente Ganz Lucio;Membro (Titular);Controlador - Ministerio Setorial/Ministerio do Desenvolvimento Industria Comercio e Servicos;22/05/2023
Banco Nacional de Desenvolvimento Economico e Social - BNDES;BNDES;De Administracao;Adezio De Almeida Lima;Membro (Titular);Controlador - Ministerio Setorial/Ministerio do Desenvolvimento Industria Comercio e Servicos;24/10/2023
Banco Nacional de Desenvolvimento Economico e Social - BNDES;BNDES;De Administracao;Uallace Moreira Lima;Membro (Titular);Controlador - Ministerio Setorial/Ministerio do Desenvolvimento Industria Comercio e Servicos;28/04/2023
Banco Nacional de Desenvolvimento Economico e Social - BNDES;BNDES;De Administracao;Izabella Monica Vieira Teixeira;Membro (Titular);Controlador - Ministerio Setorial/Ministerio do Desenvolvimento Industria Comercio e Servicos;19/01/2023
Banco Nacional de Desenvolvimento Economico e Social - BNDES;BNDES;De Administracao;Robinson Sakiyama Barreirinhas;Membro (Titular);Controlador - Ministerio Setorial/Ministerio do Desenvolvimento Industria Comercio e Servicos;19/01/2023
Banco Nacional de Desenvolvimento Economico e Social - BNDES;BNDES;De Administracao;Carlos Afonso Nobre;Membro (Titular);Controlador - Ministerio Setorial/Ministerio do Desenvolvimento Industria Comercio e Servicos;19/01/2023
Banco Nacional de Desenvolvimento Economico e Social - BNDES;BNDES;De Administracao;Rafael Esmeraldo Lucchesi Ramacciotti;Presidente (Titular);Controlador - Ministerio Setorial/Ministerio do Desenvolvimento Industria Comercio e Servicos;03/02/2023
Banco Nacional de Desenvolvimento Economico e Social - BNDES;BNDES;De Administracao;Maria Laura Da Rocha;Membro (Titular);Controlador - Outros Ministerios/Ministerio das Relacoes Exteriores;28/04/2023
Caixa Economica Federal - CAIXA;CAIXA;De Administracao;Carlos Antonio Vieira Fernandes;Membro (Titular);Cargo estatutario do presidente da empresa;07/11/2023
Caixa Economica Federal - CAIXA;CAIXA;De Administracao;Jose Celso Pereira Cardoso Junior;Membro (Titular);Ministerio da Gestao - CA (Paragrafo unico Art. 32 Lei n 14.600/2023);02/05/2023
Caixa Economica Federal - CAIXA;CAIXA;De Administracao;Antonio Messias Rios Bastos;Membro (Titular);Representante dos Empregados;18/08/2023
Caixa Economica Federal - CAIXA;CAIXA;De Administracao;Eric Nilson Lopes Francisco;Membro (Titular);Controlador - Ministerio Setorial/Ministerio da Fazenda;20/03/2023
Caixa Economica Federal - CAIXA;CAIXA;De Administracao;Edmundo Augusto Chamon;Membro (Titular);Controlador - Ministerio Setorial/Ministerio da Fazenda;20/03/2023
Caixa Economica Federal - CAIXA;CAIXA;De Administracao;Rafael Ramalho Dubeux;Membro (Titular);Controlador - Ministerio Setorial/Ministerio da Fazenda;02/05/2023
Caixa Economica Federal - CAIXA;CAIXA;De Administracao;Raquel Nadal Cesar Goncalves;Membro (Titular);Controlador - Ministerio Setorial/Ministerio da Fazenda;10/07/2023
Caixa Economica Federal - CAIXA;CAIXA;De Administracao;Rogerio Ceron De Oliveira;Presidente (Titular);Controlador - Ministerio Setorial/Ministerio da Fazenda;20/03/2023
CAIXA CARToES HOLDING S.A.;CAIXA;De Administracao;Adriano Assis Matias;Presidente (Titular);Controlador - Holding;15/12/2023
CAIXA CARToES HOLDING S.A.;CAIXA;De Administracao;Luciane Da Luz Lompa;Vice-presidente (Titular);Controlador - Holding;04/09/2023
CAIXA CARToES HOLDING S.A.;CAIXA;De Administracao;Vicente Carlos Y Pla Trevas;Membro (Titular);Controlador - Holding;15/12/2023
CAIXA CARToES HOLDING S.A.;CAIXA;De Administracao;Henriete Alexandra Sartori Bernabe;Membro (Titular);Controlador - Holding;04/09/2023
CAIXA CARToES HOLDING S.A.;CAIXA;De Administracao;Luiz Henrique Vasconcelos Alcoforado;Membro (Titular);Controlador - Ministerio Setorial/Ministerio da Fazenda;24/04/2023
CAIXA CARToES HOLDING S.A.;CAIXA;De Administracao;Danilo Marasca Bertazzi;Membro (Titular);Controlador - Ministerio Setorial/Ministerio da Fazenda;24/07/2023
Caixa Distribuidora de Titulos e Valores Mobiliarios S.A.;CAIXA;De Administracao;Saulo Farhat Paiva;Presidente (Titular);Controlador - Holding;21/09/2023
Caixa Distribuidora de Titulos e Valores Mobiliarios S.A.;CAIXA;De Administracao;Lauri Tadeu Correa Martins;Membro (Titular);Controlador - Holding;18/01/2024
Caixa Distribuidora de Titulos e Valores Mobiliarios S.A.;CAIXA;De Administracao;Julio Cesar Volpp Sierra;Membro (Titular);Controlador - Holding;21/09/2023
Caixa Distribuidora de Titulos e Valores Mobiliarios S.A.;CAIXA;De Administracao;Renata Vargas Amaral;Vice-presidente (Titular);Controlador - Holding;21/09/2023
Caixa Distribuidora de Titulos e Valores Mobiliarios S.A.;CAIXA;De Administracao;Celina Pereira;Membro (Titular);Ministerio da Gestao - CA (Paragrafo unico Art. 32 Lei n 14.600/2023);12/07/2023
Caixa Distribuidora de Titulos e Valores Mobiliarios S.A.;CAIXA;De Administracao;Adriana Gomes Rego;Membro (Titular);Controlador - Ministerio Setorial/Ministerio da Fazenda;12/07/2023
CAIXA SEGURIDADE E PARTICIPAcoES S.A.;CAIXA;De Administracao;Fernando Alcantara De Figueredo Beda;Membro (Titular);Acionistas Minoritarios;26/04/2023
CAIXA SEGURIDADE E PARTICIPAcoES S.A.;CAIXA;De Administracao;Humberto Jose Teofilo Magalhaes;Presidente (Titular);Controlador - Holding;12/12/2023
CAIXA SEGURIDADE E PARTICIPAcoES S.A.;CAIXA;De Administracao;Waldemir Bargieri;Membro (Titular);Controlador - Holding;31/08/2023
CAIXA SEGURIDADE E PARTICIPAcoES S.A.;CAIXA;De Administracao;Francisco Egidio Pelucido Martins;Membro (Titular);Controlador - Holding;25/04/2024
CAIXA SEGURIDADE E PARTICIPAcoES S.A.;CAIXA;De Administracao;Ines Da Silva Magalhaes;Membro (Titular);Controlador - Holding;31/08/2023
CAIXA SEGURIDADE E PARTICIPAcoES S.A.;CAIXA;De Administracao;Karoline Busatto;Membro (Titular);Ministerio da Gestao - CA (Paragrafo unico Art. 32 Lei n 14.600/2023);26/04/2023
CAIXA SEGURIDADE E PARTICIPAcoES S.A.;CAIXA;De Administracao;Ilana Trombka;Membro (Titular);Controlador - Ministerio Setorial/Ministerio da Fazenda;25/04/2024
COMPANHIA BRASILEIRA DE TRENS URBANOS - CBTU;CBTU;De Administracao;Elisa De Oliveira Alves;Presidente (Titular);Ministerio da Gestao - CA (Paragrafo unico Art. 32 Lei n 14.600/2023);27/09/2023
COMPANHIA BRASILEIRA DE TRENS URBANOS - CBTU;CBTU;De Administracao;Cirano Lopes De Oliveira;Membro (Titular);Representante dos Empregados;11/04/2019
COMPANHIA BRASILEIRA DE TRENS URBANOS - CBTU;CBTU;De Administracao;Marcio Monteiro Gea;Membro (Titular);Controlador - Ministerio Setorial/Ministerio das Cidades;20/09/2022
COMPANHIA BRASILEIRA DE TRENS URBANOS - CBTU;CBTU;De Administracao;Antonio Elias Zoghbi De Castro;Membro (Titular);Controlador - Ministerio Setorial/Ministerio das Cidades;27/09/2023
COMPANHIA BRASILEIRA DE TRENS URBANOS - CBTU;CBTU;De Administracao;Helder Melillo Lopes Cunha Silva;Membro (Titular);Controlador - Ministerio Setorial/Ministerio das Cidades;14/09/2023
COMPANHIA BRASILEIRA DE TRENS URBANOS - CBTU;CBTU;De Administracao;Denis Eduardo Andia;Membro (Titular);Controlador - Ministerio Setorial/Ministerio das Cidades;18/09/2023
COMPANHIA BRASILEIRA DE TRENS URBANOS - CBTU;CBTU;De Administracao;Kelli Cristine De Oliveira Mafort;Membro (Titular);Controlador - Ministerio Setorial/Ministerio das Cidades;24/11/2023
Companhia Docas do Ceara - CDC;CDC;De Administracao;Jose Nelson Martins De Sousa;Membro (Titular);Acionistas Minoritarios;26/10/2020
Companhia Docas do Ceara - CDC;CDC;De Administracao;Bruno Iughetti;Membro (Titular);Classe Empresarial;17/05/2017
Companhia Docas do Ceara - CDC;CDC;De Administracao;Janira Tripodi Borja;Membro (Titular);Ministerio da Gestao - CA (Paragrafo unico Art. 32 Lei n 14.600/2023);17/05/2017
Companhia Docas do Ceara - CDC;CDC;De Administracao;Carlos Murilo De Azevedo Pires;Membro (Titular);Representante dos Empregados;27/06/2023
Companhia Docas do Ceara - CDC;CDC;De Administracao;Fabio Lavor Teixeira;Membro (Titular);Controlador - Ministerio Setorial/Ministerio de Portos e Aeroportos;30/06/2020
Companhia Docas do Para - CDP;CDP;De Administracao;Michael Mendonca E Mendonca;Membro (Titular);Ministerio da Gestao - CA (Paragrafo unico Art. 32 Lei n 14.600/2023);21/07/2023
Companhia Docas do Para - CDP;CDP;De Administracao;Cileno Santos Borges;Membro (Titular);Representante dos Empregados;21/07/2023
Companhia Docas do Para - CDP;CDP;De Administracao;Ana Patrizia Goncalves Lira Ribeiro;Membro (Titular);Controlador - Ministerio Setorial/Ministerio de Portos e Aeroportos;16/09/2022
Companhia Docas do Para - CDP;CDP;De Administracao;Andre Luis Boratto Braga;Membro (Titular);Controlador - Ministerio Setorial/Ministerio de Portos e Aeroportos;22/06/2022
Companhia Docas do Para - CDP;CDP;De Administracao;Karenina Martins Teixeira Dian;Presidente (Titular);Controlador - Ministerio Setorial/Ministerio de Portos e Aeroportos;20/04/2021
Companhia Docas do Para - CDP;CDP;De Administracao;Roosevelt Alves Fernandes Leadebal Junior;Membro (Titular);Controlador - Ministerio Setorial/Ministerio de Portos e Aeroportos;22/11/2022
Companhia Docas do Rio de Janeiro - CDRJ;CDRJ;De Administracao;Jurandir Lemos Filho;Membro (Titular);Acionistas Minoritarios;14/08/2023
Companhia Docas do Rio de Janeiro - CDRJ;CDRJ;De Administracao;Jesualdo Conceicao Da Silva;Membro (Titular);Classe Empresarial;25/08/2023
Companhia Docas do Rio de Janeiro - CDRJ;CDRJ;De Administracao;Luiz Antonio Correia De Carvalho;Membro (Titular);Ministerio da Gestao - CA (Paragrafo unico Art. 32 Lei n 14.600/2023);14/08/2023
Companhia Docas do Rio de Janeiro - CDRJ;CDRJ;De Administracao;Claudio De Jesus Marques Soares;Membro (Titular);Representante dos Empregados;25/08/2023
Companhia Docas do Rio de Janeiro - CDRJ;CDRJ;De Administracao;Thairyne Jessica Martins De Oliveira;Presidente (Titular);Controlador - Ministerio Setorial/Ministerio de Portos e Aeroportos;24/07/2023
Companhia Docas do Rio de Janeiro - CDRJ;CDRJ;De Administracao;Eduardo Henn Bernardi;Membro (Titular);Controlador - Ministerio Setorial/Ministerio de Portos e Aeroportos;19/09/2022
CEAGESP - Companhia de Entrepostos e Armazens Gerais de Sao Paulo;CEAGESP;De Administracao;Joao Edegar Pretto;Membro (Titular);Acionistas Minoritarios;08/05/2023
CEAGESP - Companhia de Entrepostos e Armazens Gerais de Sao Paulo;CEAGESP;De Administracao;Lincoln Moreira Jorge Junior;Membro (Titular);Ministerio da Gestao - CA (Paragrafo unico Art. 32 Lei n 14.600/2023);08/11/2023
CEAGESP - Companhia de Entrepostos e Armazens Gerais de Sao Paulo;CEAGESP;De Administracao;Robson Frederico Dos Santos;Membro (Titular);Representante dos Empregados;14/07/2023
CEAGESP - Companhia de Entrepostos e Armazens Gerais de Sao Paulo;CEAGESP;De Administracao;Fabiana Martins Zamora;Vice-presidente (Titular);Controlador - Ministerio Setorial/Ministerio do Desenvolvimento Agrario e Agricultura Familiar;02/08/2023
CEAGESP - Companhia de Entrepostos e Armazens Gerais de Sao Paulo;CEAGESP;De Administracao;Valeria Torres Amaral Burity;Membro (Titular);Controlador - Ministerio Setorial/Ministerio do Desenvolvimento Agrario e Agricultura Familiar;08/01/2024
CEAGESP - Companhia de Entrepostos e Armazens Gerais de Sao Paulo;CEAGESP;De Administracao;Moises Savian;Presidente (Titular);Controlador - Ministerio Setorial/Ministerio do Desenvolvimento Agrario e Agricultura Familiar;16/08/2023
Centrais de Abastecimento de Minas Gerais S.A. - CEASAMINAS;CEASAMINAS;De Administracao;Gioconda Vieira Bretas;Membro (Titular);Ministerio da Gestao - CA (Paragrafo unico Art. 32 Lei n 14.600/2023);28/07/2023
Centrais de Abastecimento de Minas Gerais S.A. - CEASAMINAS;CEASAMINAS;De Administracao;Heronilton Dos Santos Silva;Membro (Titular);Representante dos Empregados;15/07/2021
Centrais de Abastecimento de Minas Gerais S.A. - CEASAMINAS;CEASAMINAS;De Administracao;Marcio Candido Alves;Presidente (Titular);Controlador - Ministerio Setorial/Ministerio do Desenvolvimento Agrario e Agricultura Familiar;15/07/2021
Centrais de Abastecimento de Minas Gerais S.A. - CEASAMINAS;CEASAMINAS;De Administracao;Maria Da Conceicao Dantas Moura;Membro (Titular);Controlador - Ministerio Setorial/Ministerio do Desenvolvimento Agrario e Agricultura Familiar;22/09/2023
Centrais de Abastecimento de Minas Gerais S.A. - CEASAMINAS;CEASAMINAS;De Administracao;Edmilton Cerqueira;Membro (Titular);Controlador - Ministerio Setorial/Ministerio do Desenvolvimento Agrario e Agricultura Familiar;18/08/2023
CENTRO NACIONAL DE TECNOLOGIA ELETRONICA AVANcADA S.A.;CEITEC;De Administracao;Carlos Eduardo Zen Alves;Membro (Titular);Outras Entidades/Banco Nacional de Desenvolvimento Economico e Social;10/11/2023
CENTRO NACIONAL DE TECNOLOGIA ELETRONICA AVANcADA S.A.;CEITEC;De Administracao;Guilherme Coutinho Calheiros;Membro (Titular);Controlador - Ministerio Setorial/Ministerio da Ciencia Tecnologia e Inovacao;10/11/2023
CENTRO NACIONAL DE TECNOLOGIA ELETRONICA AVANcADA S.A.;CEITEC;De Administracao;Henrique De Oliveira Miguel;Presidente (Titular);Controlador - Ministerio Setorial/Ministerio da Ciencia Tecnologia e Inovacao;10/11/2023
CENTRO NACIONAL DE TECNOLOGIA ELETRONICA AVANcADA S.A.;CEITEC;De Administracao;Augusto Cesar Gadelha Vieira;Presidente (Titular);Controlador - Ministerio Setorial/Ministerio da Ciencia Tecnologia e Inovacao;10/11/2023
CENTRO NACIONAL DE TECNOLOGIA ELETRONICA AVANcADA S.A.;CEITEC;De Administracao;Miriam Barbuda Fernandes Chaves;Membro (Titular);Controlador - Ministerio Setorial/Ministerio da Gestao e da Inovacao em Servicos Publicos;10/11/2023
CENTRO NACIONAL DE TECNOLOGIA ELETRONICA AVANcADA S.A.;CEITEC;De Administracao;Orlando De Assis Baptista Neto;Membro (Titular);Controlador - Outros Ministerios/Ministerio do Desenvolvimento Industria Comercio e Servicos;10/11/2023
CASA DA MOEDA DO BRASIL - CMB;CMB;De Administracao;Hamilton Fernando Cota Cruz;Membro (Titular);Ministerio da Gestao - CA (Paragrafo unico Art. 32 Lei n 14.600/2023);15/03/2024
CASA DA MOEDA DO BRASIL - CMB;CMB;De Administracao;Marcus Vinicius Magalhaes Borges;Membro (Titular);Representante dos Empregados;04/09/2023
CASA DA MOEDA DO BRASIL - CMB;CMB;De Administracao;Joao Henrique Chauffaille Grognet;Presidente (Titular);Controlador - Ministerio Setorial/Ministerio da Fazenda;16/05/2023
CASA DA MOEDA DO BRASIL - CMB;CMB;De Administracao;Luis Carlos Da Conceicao Freitas;Membro (Titular);Controlador - Ministerio Setorial/Ministerio da Fazenda;05/08/2021
CASA DA MOEDA DO BRASIL - CMB;CMB;De Administracao;Daniele Russo Barbosa Feijo;Membro (Titular);Controlador - Ministerio Setorial/Ministerio da Fazenda;16/05/2023
CASA DA MOEDA DO BRASIL - CMB;CMB;De Administracao;Fabiano Zouvi;Membro (Titular);Controlador - Ministerio Setorial/Ministerio da Fazenda;05/09/2019
CASA DA MOEDA DO BRASIL - CMB;CMB;De Administracao;Joao Paulo De Resende;Membro (Titular);Controlador - Ministerio Setorial/Ministerio da Fazenda;07/12/2023
Companhia das Docas do Estado da Bahia - CODEBA;CODEBA;De Administracao;Marconi Andraos Oliveira;Membro (Titular);Classe Empresarial;21/11/2019
Companhia das Docas do Estado da Bahia - CODEBA;CODEBA;De Administracao;Tania Regina Gomes Santos;Membro (Titular);Representante dos Empregados;24/04/2017
Companhia das Docas do Estado da Bahia - CODEBA;CODEBA;De Administracao;Dino Antunes Dias Batista;Presidente (Titular);Controlador - Ministerio Setorial/Ministerio de Portos e Aeroportos;15/08/2023
Companhia das Docas do Estado da Bahia - CODEBA;CODEBA;De Administracao;Otto Luiz Burlier Da Silveira Filho;Membro (Titular);Controlador - Ministerio Setorial/Ministerio de Portos e Aeroportos;15/08/2023
Companhia das Docas do Estado da Bahia - CODEBA;CODEBA;De Administracao;Leandro De Oliveira Albuquerque;Membro (Titular);Controlador - Ministerio Setorial/Ministerio de Portos e Aeroportos;23/09/2022
Companhia Docas do Rio Grande do Norte - CODERN;CODERN;De Administracao;Swedenberger Do Nascimento Barbosa;Membro (Titular);Ministerio da Gestao - CA (Paragrafo unico Art. 32 Lei n 14.600/2023);11/08/2023
Companhia Docas do Rio Grande do Norte - CODERN;CODERN;De Administracao;Felipe Martins Matos;Membro (Titular);Controlador - Ministerio Setorial/Ministerio de Portos e Aeroportos;11/08/2023
Companhia Docas do Rio Grande do Norte - CODERN;CODERN;De Administracao;Euclides Bandeira De Souza Neto;Presidente (Titular);Controlador - Ministerio Setorial/Ministerio de Portos e Aeroportos;17/05/2019
Companhia Docas do Rio Grande do Norte - CODERN;CODERN;De Administracao;Darlan Emanoel Silva Dos Santos;Membro (Titular);Classe Empresarial;28/11/2023
Companhia Docas do Rio Grande do Norte - CODERN;CODERN;De Administracao;Wellington Rodrigues De Oliveira;Membro (Titular);Representante dos Empregados;07/01/2022
Companhia de Desenvolvimento dos Vales do Sao Francisco e do Parnaiba - CODEVASF;CODEVASF;De Administracao;Francisco Eduardo De Holanda De Bessa;Membro (Titular);Ministerio da Gestao - CA (Paragrafo unico Art. 32 Lei n 14.600/2023);20/10/2023
Companhia de Desenvolvimento dos Vales do Sao Francisco e do Parnaiba - CODEVASF;CODEVASF;De Administracao;Carlos Herminio De Aguiar Oliveira;Membro (Titular);Representante dos Empregados;13/04/2023
Companhia de Desenvolvimento dos Vales do Sao Francisco e do Parnaiba - CODEVASF;CODEVASF;De Administracao;Wilson Gambogi Pinheiro Taques;Membro (Titular);Controlador - Outros Ministerios/Ministerio da Agricultura e Pecuaria;20/07/2023
Companhia de Desenvolvimento dos Vales do Sao Francisco e do Parnaiba - CODEVASF;CODEVASF;De Administracao;Eduardo Correa Tavares;Presidente (Titular);Controlador - Outros Ministerios/Ministerio da Integracao e do Desenvolvimento Regional;20/10/2023
Companhia de Desenvolvimento dos Vales do Sao Francisco e do Parnaiba - CODEVASF;CODEVASF;De Administracao;Antonio Poli Navega;Membro (Titular);Controlador - Outros Ministerios/Ministerio da Integracao e do Desenvolvimento Regional;14/02/2022
Companhia de Desenvolvimento dos Vales do Sao Francisco e do Parnaiba - CODEVASF;CODEVASF;De Administracao;Joao Daniel De Andrade Cascalho;Membro (Titular);Controlador - Outros Ministerios/Ministerio de Minas e Energia;20/07/2023
Companhia de Desenvolvimento dos Vales do Sao Francisco e do Parnaiba - CODEVASF;CODEVASF;De Administracao;Euclides Bandeira De Souza Neto;Membro (Titular);Controlador - Outros Ministerios/Ministerio dos Transportes;28/09/2020
COMPANHIA NACIONAL DE ABASTECIMENTO - CONAB;CONAB;De Administracao;Doris Giugliani Chaves De Cerqueira;Membro (Titular);Representante dos Empregados;02/08/2023
COMPANHIA NACIONAL DE ABASTECIMENTO - CONAB;CONAB;De Administracao;Silvio Farnese;Membro (Titular);Controlador - Outros Ministerios/Ministerio da Agricultura e Pecuaria;02/08/2023
COMPANHIA NACIONAL DE ABASTECIMENTO - CONAB;CONAB;De Administracao;Iracema Ferreira De Moura;Presidente (Titular);Controlador - Ministerio Setorial/Ministerio do Desenvolvimento Agrario e Agricultura Familiar;02/08/2023
COMPANHIA NACIONAL DE ABASTECIMENTO - CONAB;CONAB;De Administracao;Milton Jose Fornazieri;Membro (Titular);Controlador - Ministerio Setorial/Ministerio do Desenvolvimento Agrario e Agricultura Familiar;16/01/2024
COMPANHIA NACIONAL DE ABASTECIMENTO - CONAB;CONAB;De Administracao;Jorge Lisandro Maia Ussan;Membro (Titular);Controlador - Ministerio Setorial/Ministerio do Desenvolvimento Agrario e Agricultura Familiar;02/08/2023
COMPANHIA NACIONAL DE ABASTECIMENTO - CONAB;CONAB;De Administracao;Flavio Koutzii;Membro (Titular);Controlador - Ministerio Setorial/Ministerio do Desenvolvimento Agrario e Agricultura Familiar;02/08/2023
HOSPITAL NOSSA SENHORA DA CONCEIcaO S.A.;CONCEIcaO;De Administracao;Guilherme Cassel;Membro (Titular);Ministerio da Gestao - CA (Paragrafo unico Art. 32 Lei n 14.600/2023);07/07/2023
HOSPITAL NOSSA SENHORA DA CONCEIcaO S.A.;CONCEIcaO;De Administracao;Jose Ovidio Oliveira Dos Santos;Membro (Titular);Representante dos Empregados;23/06/2023
HOSPITAL NOSSA SENHORA DA CONCEIcaO S.A.;CONCEIcaO;De Administracao;Felipe Proenco De Oliveira;Membro (Titular);Controlador - Ministerio Setorial/Ministerio da Saude;16/05/2023
HOSPITAL NOSSA SENHORA DA CONCEIcaO S.A.;CONCEIcaO;De Administracao;Helvecio Miranda Magalhaes Junior;Membro (Titular);Controlador - Ministerio Setorial/Ministerio da Saude;15/05/2023
HOSPITAL NOSSA SENHORA DA CONCEIcaO S.A.;CONCEIcaO;De Administracao;Flavio Koutzii;Membro (Titular);Controlador - Ministerio Setorial/Ministerio da Saude;01/12/2023
HOSPITAL NOSSA SENHORA DA CONCEIcaO S.A.;CONCEIcaO;De Administracao;Gilberto Barichello;Membro (Titular);Controlador - Ministerio Setorial/Ministerio da Saude;04/04/2023
HOSPITAL NOSSA SENHORA DA CONCEIcaO S.A.;CONCEIcaO;De Administracao;Edimar Luz;Membro (Titular);Controlador - Ministerio Setorial/Ministerio da Saude;01/12/2023
COMPANHIA DE PESQUISA DE RECURSOS MINERAIS - CPRM;CPRM;De Administracao;Inacio Cavalcante Melo Neto;Membro (Titular);Cargo estatutario do presidente da empresa;02/08/2023
COMPANHIA DE PESQUISA DE RECURSOS MINERAIS - CPRM;CPRM;De Administracao;Marilene Ferrari Lucas Alves Filha;Membro (Titular);Ministerio da Gestao - CA (Paragrafo unico Art. 32 Lei n 14.600/2023);15/06/2023
COMPANHIA DE PESQUISA DE RECURSOS MINERAIS - CPRM;CPRM;De Administracao;Janaina Simone Neves Miranda;Membro (Titular);Representante dos Empregados;18/04/2023
COMPANHIA DE PESQUISA DE RECURSOS MINERAIS - CPRM;CPRM;De Administracao;Hemeline Lucia Camata Soares;Membro (Titular);Controlador - Ministerio Setorial/Ministerio de Minas e Energia;12/01/2024
COMPANHIA DE PESQUISA DE RECURSOS MINERAIS - CPRM;CPRM;De Administracao;Breno Zaban Carneiro;Presidente (Titular);Controlador - Ministerio Setorial/Ministerio de Minas e Energia;14/07/2023
COMPANHIA DE PESQUISA DE RECURSOS MINERAIS - CPRM;CPRM;De Administracao;Manoel Barretto Da Rocha Neto;Membro (Titular);Controlador - Ministerio Setorial/Ministerio de Minas e Energia;10/10/2023
Empresa de Tecnologia e Informacoes da Previdencia Social - DATAPREV;DATAPREV;De Administracao;Rodrigo Ortiz D avila Assumpcao;Presidente (Titular);Cargo estatutario do presidente da empresa;24/04/2024
Empresa de Tecnologia e Informacoes da Previdencia Social - DATAPREV;DATAPREV;De Administracao;Nelson Machado;Membro (Titular);Ministerio da Gestao - CA (Paragrafo unico Art. 32 Lei n 14.600/2023);28/06/2023
Empresa de Tecnologia e Informacoes da Previdencia Social - DATAPREV;DATAPREV;De Administracao;Rogerio Souza Mascarenhas;Presidente (Titular);Ministerio da Gestao - CA (Paragrafo unico Art. 32 Lei n 14.600/2023);04/05/2023
Empresa de Tecnologia e Informacoes da Previdencia Social - DATAPREV;DATAPREV;De Administracao;Ana Estela Haddad;Membro (Titular);Ministerio da Gestao - CA (Paragrafo unico Art. 32 Lei n 14.600/2023);28/07/2023
Empresa de Tecnologia e Informacoes da Previdencia Social - DATAPREV;DATAPREV;De Administracao;Miriam Barbuda Fernandes Chaves;Membro (Titular);Ministerio da Gestao - CA (Paragrafo unico Art. 32 Lei n 14.600/2023);24/05/2023
Empresa de Tecnologia e Informacoes da Previdencia Social - DATAPREV;DATAPREV;De Administracao;Maria Alexandra Viegas Cortez Da Cunha;Membro (Titular);Ministerio da Gestao - CA (Paragrafo unico Art. 32 Lei n 14.600/2023);28/06/2023
Empresa de Tecnologia e Informacoes da Previdencia Social - DATAPREV;DATAPREV;De Administracao;Dennis Webert Nunes Dos Santos;Membro (Titular);Representante dos Empregados;30/08/2023
Empresa de Tecnologia e Informacoes da Previdencia Social - DATAPREV;DATAPREV;De Administracao;Alessandro Antonio Stefanutto;Membro (Titular);Outras Entidades/Instituto Nacional do Seguro Social - INSS;26/10/2023
EMPRESA BRASIL DE COMUNICAcaO S.A. - EBC;EBC;De Administracao;Maria Fernanda Vitorino Conti;Membro (Titular);Controlador - Outros Ministerios/Ministerio da Educacao;23/04/2024
EMPRESA BRASIL DE COMUNICAcaO S.A. - EBC;EBC;De Administracao;Marcio Tavares Dos Santos;Membro (Titular);Controlador - Outros Ministerios/Ministerio do Turismo;25/08/2023
EMPRESA BRASIL DE COMUNICAcaO S.A. - EBC;EBC;De Administracao;Jeansley Charlles De Lima;Membro (Titular);Cargo estatutario do presidente da empresa;15/12/2023
EMPRESA BRASIL DE COMUNICAcaO S.A. - EBC;EBC;De Administracao;Daniel Fernandes Merli;Membro (Titular);Ministerio da Gestao - CA (Paragrafo unico Art. 32 Lei n 14.600/2023);29/05/2023
EMPRESA BRASIL DE COMUNICAcaO S.A. - EBC;EBC;De Administracao;Thiago Sousa Interaminense;Membro (Titular);Representante dos Empregados;29/05/2023
EMPRESA BRASIL DE COMUNICAcaO S.A. - EBC;EBC;De Administracao;Claudia Nascimento Maciel Dos Santos;Membro (Titular);Controlador - Ministerio Setorial/Presidencia da Republica - Secretaria de Comunicacao Social;23/04/2024
EMPRESA BRASIL DE COMUNICAcaO S.A. - EBC;EBC;De Administracao;Evilasio Da Silva Salvador;Membro (Titular);Controlador - Ministerio Setorial/Presidencia da Republica - Secretaria de Comunicacao Social;25/08/2023
EMPRESA BRASIL DE COMUNICAcaO S.A. - EBC;EBC;De Administracao;Frederico Souza De Queiroz Assis;Presidente (Titular);Controlador - Ministerio Setorial/Presidencia da Republica - Secretaria de Comunicacao Social;25/08/2023
EMPRESA BRASILEIRA DE SERVIcOS HOSPITALARES - EBSERH;EBSERH;De Administracao;Ademar Arthur Chioro Dos Reis;Membro (Titular);Cargo estatutario do presidente da empresa;28/02/2023
EMPRESA BRASILEIRA DE SERVIcOS HOSPITALARES - EBSERH;EBSERH;De Administracao;Lena Vania Carneiro Peres;Membro (Titular);Ministerio da Gestao - CA (Paragrafo unico Art. 32 Lei n 14.600/2023);23/11/2023
EMPRESA BRASILEIRA DE SERVIcOS HOSPITALARES - EBSERH;EBSERH;De Administracao;Alailson Rocha Santana;Membro (Titular);Representante dos Empregados;26/01/2023
EMPRESA BRASILEIRA DE SERVIcOS HOSPITALARES - EBSERH;EBSERH;De Administracao;Valder Steffen Junior;Membro (Titular);Outras Entidades/ANDIFES;17/04/2024
EMPRESA BRASILEIRA DE SERVIcOS HOSPITALARES - EBSERH;EBSERH;De Administracao;Gilvana Ponte Linhares Da Silva;Vice-presidente (Titular);Controlador - Ministerio Setorial/Ministerio da Educacao;17/10/2023
EMPRESA BRASILEIRA DE SERVIcOS HOSPITALARES - EBSERH;EBSERH;De Administracao;Adalton Rocha De Matos;Presidente (Titular);Controlador - Ministerio Setorial/Ministerio da Educacao;14/06/2022
EMPRESA BRASILEIRA DE SERVIcOS HOSPITALARES - EBSERH;EBSERH;De Administracao;Milton De Arruda Martins;Membro (Titular);Controlador - Outros Ministerios/Ministerio da Saude;09/08/2023
Empresa Brasileira de Correios e Telegrafos - ECT;ECT;De Administracao;Fabiano Silva Dos Santos;Membro (Titular);Cargo estatutario do presidente da empresa;03/02/2023
Empresa Brasileira de Correios e Telegrafos - ECT;ECT;De Administracao;Pedro Augusto Cunto De Almeida Machado;Membro (Titular);Ministerio da Gestao - CA (Paragrafo unico Art. 32 Lei n 14.600/2023);07/11/2023
Empresa Brasileira de Correios e Telegrafos - ECT;ECT;De Administracao;Luiz Carlos Gomes;Membro (Titular);Representante dos Empregados;21/06/2023
Empresa Brasileira de Correios e Telegrafos - ECT;ECT;De Administracao;Ruy Do Rego Barros Rocha;Membro (Titular);Controlador - Ministerio Setorial/Ministerio das Comunicacoes;14/02/2020
Empresa Brasileira de Correios e Telegrafos - ECT;ECT;De Administracao;Sonia Faustino Mendes;Membro (Titular);Controlador - Ministerio Setorial/Ministerio das Comunicacoes;26/04/2023
Empresa Brasileira de Correios e Telegrafos - ECT;ECT;De Administracao;Gil Pinto Loja Neto;Membro (Titular);Controlador - Ministerio Setorial/Ministerio das Comunicacoes;21/06/2023
Empresa Brasileira de Correios e Telegrafos - ECT;ECT;De Administracao;Juliana Nunes Escorcio Lima Moura;Membro (Titular);Controlador - Ministerio Setorial/Ministerio das Comunicacoes;24/08/2023
ELETRONUCLEAR S.A.;ELETRONUCLEAR;De Administracao;Andre De Oliveira Bucar;Membro (Titular);Ministerio da Gestao - CA (Paragrafo unico Art. 32 Lei n 14.600/2023);26/06/2023
ELETRONUCLEAR S.A.;ELETRONUCLEAR;De Administracao;Camila Gualda Sampaio Araujo;Membro (Titular);Acionistas Minoritarios;27/04/2023
ELETRONUCLEAR S.A.;ELETRONUCLEAR;De Administracao;Frederico De Araujo Teles;Membro (Titular);Controlador - Holding;01/01/2024
ELETRONUCLEAR S.A.;ELETRONUCLEAR;De Administracao;Jeronimo Antunes;Membro (Titular);Acionistas Minoritarios;20/09/2023
ELETRONUCLEAR S.A.;ELETRONUCLEAR;De Administracao;Thiago Guilherme Ferreira Prado;Presidente (Titular);Controlador - Holding;01/09/2023
ELETRONUCLEAR S.A.;ELETRONUCLEAR;De Administracao;Sandro Leonardo Nogueira De Lima;Membro (Titular);Representante dos Empregados;27/04/2023
ELETRONUCLEAR S.A.;ELETRONUCLEAR;De Administracao;Marco Antonio Soares Da Cunha Catello Branco;Membro (Titular);Controlador - Holding;01/09/2023
EMPRESA BRASILEIRA DE PESQUISA AGROPECUaRIA - EMBRAPA;EMBRAPA;De Administracao;Rubens Diniz Tavares;Membro (Titular);Controlador - Outros Ministerios/Ministerio da Ciencia Tecnologia e Inovacao;20/07/2023
EMPRESA BRASILEIRA DE PESQUISA AGROPECUaRIA - EMBRAPA;EMBRAPA;De Administracao;Gilson Alceu Bittencourt;Membro (Titular);Controlador - Outros Ministerios/Ministerio da Fazenda;24/08/2023
EMPRESA BRASILEIRA DE PESQUISA AGROPECUaRIA - EMBRAPA;EMBRAPA;De Administracao;Wilson Gambogi Pinheiro Taques;Membro (Titular);Controlador - Ministerio Setorial/Ministerio da Agricultura e Pecuaria;10/08/2023
EMPRESA BRASILEIRA DE PESQUISA AGROPECUaRIA - EMBRAPA;EMBRAPA;De Administracao;Teresa Cristina Corpa Vendramini;Membro (Titular);Controlador - Ministerio Setorial/Ministerio da Agricultura e Pecuaria;19/05/2023
EMPRESA BRASILEIRA DE PESQUISA AGROPECUaRIA - EMBRAPA;EMBRAPA;De Administracao;Carlos Ernesto Augustin;Presidente (Titular);Controlador - Ministerio Setorial/Ministerio da Agricultura e Pecuaria;15/06/2023
EMPRESA BRASILEIRA DE PESQUISA AGROPECUaRIA - EMBRAPA;EMBRAPA;De Administracao;Celso Armando Fugolin Junior;Membro (Titular);Controlador - Ministerio Setorial/Ministerio da Agricultura e Pecuaria;20/07/2023
EMPRESA BRASILEIRA DE PESQUISA AGROPECUaRIA - EMBRAPA;EMBRAPA;De Administracao;Michel Eduardo Beleza Yamagishi;Membro (Titular);Representante dos Empregados;24/08/2023
EMPRESA GESTORA DE ATIVOS - EMGEA;EMGEA;De Administracao; Leila De Morais;Membro (Titular);Ministerio da Gestao - CA (Paragrafo unico Art. 32 Lei n 14.600/2023);22/04/2024
EMPRESA GESTORA DE ATIVOS - EMGEA;EMGEA;De Administracao;Luciana Leal Brayner;Membro (Titular);Controlador - Ministerio Setorial/Ministerio da Fazenda;26/06/2023
EMPRESA GESTORA DE ATIVOS - EMGEA;EMGEA;De Administracao;Cesar Augusto Guimaraes;Membro (Titular);Controlador - Ministerio Setorial/Ministerio da Fazenda;15/10/2021
EMPRESA GESTORA DE ATIVOS - EMGEA;EMGEA;De Administracao;Cristina Froes De Borja Reis;Membro (Titular);Controlador - Ministerio Setorial/Ministerio da Fazenda;05/06/2023
EMPRESA GESTORA DE ATIVOS - EMGEA;EMGEA;De Administracao;Eloisio Do Carmo Lourenco;Membro (Titular);Controlador - Ministerio Setorial/Ministerio da Fazenda;19/10/2023
EMPRESA GESTORA DE ATIVOS - EMGEA;EMGEA;De Administracao;Gustavo Sampaio De Arrochela Lobo;Presidente (Titular);Controlador - Ministerio Setorial/Ministerio da Fazenda;22/10/2020
EMPRESA GESTORA DE ATIVOS - EMGEA;EMGEA;De Administracao;Adezio De Almeida Lima;Membro (Titular);Controlador - Ministerio Setorial/Ministerio da Fazenda;17/08/2023
EMPRESA GERENCIAL DE PROJETOS NAVAIS - EMGEPRON;EMGEPRON;De Administracao;Edesio Teixeira Lima Junior;Membro (Titular);Cargo estatutario do presidente da empresa;20/02/2020
EMPRESA GERENCIAL DE PROJETOS NAVAIS - EMGEPRON;EMGEPRON;De Administracao;Debora Raquel Cruz Ferreira;Membro (Titular);Ministerio da Gestao - CA (Paragrafo unico Art. 32 Lei n 14.600/2023);15/12/2023
EMPRESA GERENCIAL DE PROJETOS NAVAIS - EMGEPRON;EMGEPRON;De Administracao;Sylvio Da Motta Junior;Membro (Titular);Representante dos Empregados;20/02/2020
EMPRESA GERENCIAL DE PROJETOS NAVAIS - EMGEPRON;EMGEPRON;De Administracao;Edgar Luiz Siqueira Barbosa;Presidente (Titular);Controlador - Ministerio Setorial/Ministerio da Defesa - Comando da Marinha;16/01/2024
EMPRESA GERENCIAL DE PROJETOS NAVAIS - EMGEPRON;EMGEPRON;De Administracao;Alexandre Chaves De Jesus;Membro (Titular);Controlador - Ministerio Setorial/Ministerio da Defesa - Comando da Marinha;25/10/2022
EMPRESA GERENCIAL DE PROJETOS NAVAIS - EMGEPRON;EMGEPRON;De Administracao;Oswaldo Gomes Dos Reis Junior;Membro (Titular);Controlador - Ministerio Setorial/Ministerio da Defesa - Comando da Marinha;16/09/2022
EMPRESA GERENCIAL DE PROJETOS NAVAIS - EMGEPRON;EMGEPRON;De Administracao;Celso Mizutani Koga;Membro (Titular);Controlador - Ministerio Setorial/Ministerio da Defesa - Comando da Marinha;25/09/2023
Empresa Brasileira de Participacoes em Energia Nuclear e Binacional S.A. - ENBPar;ENBPar;De Administracao;Francisco Gaetani;Membro (Titular);Ministerio da Gestao - CA (Paragrafo unico Art. 32 Lei n 14.600/2023);01/05/2023
Empresa Brasileira de Participacoes em Energia Nuclear e Binacional S.A. - ENBPar;ENBPar;De Administracao;Manoel Nazareno Procopio De Moura Junior;Membro (Titular);Controlador - Outros Ministerios/Ministerio da Fazenda;22/06/2023
Empresa Brasileira de Participacoes em Energia Nuclear e Binacional S.A. - ENBPar;ENBPar;De Administracao;Thiago Vasconcellos Barral Ferreira;Presidente (Titular);Controlador - Ministerio Setorial/Ministerio de Minas e Energia;22/06/2023
Empresa Brasileira de Participacoes em Energia Nuclear e Binacional S.A. - ENBPar;ENBPar;De Administracao;Roberto Nami Garibe Filho;Membro (Titular);Controlador - Ministerio Setorial/Ministerio de Minas e Energia;22/06/2023
Empresa Brasileira de Participacoes em Energia Nuclear e Binacional S.A. - ENBPar;ENBPar;De Administracao;Luis Fernando Paroli Santos;Membro (Titular);Controlador - Ministerio Setorial/Ministerio de Minas e Energia;25/07/2023
Empresa Brasileira de Participacoes em Energia Nuclear e Binacional S.A. - ENBPar;ENBPar;De Administracao;Nelson Jose Hubner Moreira;Membro (Titular);Controlador - Ministerio Setorial/Ministerio de Minas e Energia;21/06/2023
Empresa Brasileira de Participacoes em Energia Nuclear e Binacional S.A. - ENBPar;ENBPar;De Administracao;Valter Luiz Cardeal De Souza;Membro (Titular);Controlador - Outros Ministerios/Ministerio de Minas e Energia;22/06/2023
EMPRESA DE PESQUISA ENERGeTICA - EPE;EPE;De Administracao;Thiago Guilherme Ferreira Prado;Membro (Titular);Cargo estatutario do presidente da empresa;15/09/2023
EMPRESA DE PESQUISA ENERGeTICA - EPE;EPE;De Administracao;Fabio De Almeida Rocha;Membro (Titular);Representante dos Empregados;25/01/2024
EMPRESA DE PESQUISA ENERGeTICA - EPE;EPE;De Administracao;Dany Andrey Secco;Membro (Titular);Controlador - Outros Ministerios/Ministerio da Fazenda;18/08/2023
EMPRESA DE PESQUISA ENERGeTICA - EPE;EPE;De Administracao;Denilvo Morais;Vice-presidente (Titular);Controlador - Ministerio Setorial/Ministerio de Minas e Energia;18/08/2023
EMPRESA DE PESQUISA ENERGeTICA - EPE;EPE;De Administracao;Fernando Colli Munhoz;Presidente (Titular);Controlador - Ministerio Setorial/Ministerio de Minas e Energia;01/04/2024
Financiadora de Estudos e Projetos - FINEP;FINEP;De Administracao;Jussara Kele Araujo Valadares;Membro (Titular);Ministerio da Gestao - CA (Paragrafo unico Art. 32 Lei n 14.600/2023);27/10/2023
Financiadora de Estudos e Projetos - FINEP;FINEP;De Administracao;Ana Cristina Rosado Carneiro;Membro (Titular);Representante dos Empregados;16/09/2022
Financiadora de Estudos e Projetos - FINEP;FINEP;De Administracao;Marcos Dantas Loureiro;Membro (Titular);Controlador - Outros Ministerios/Ministerio da Ciencia Tecnologia e Inovacao;30/06/2023
Financiadora de Estudos e Projetos - FINEP;FINEP;De Administracao;Sergio Machado Rezende;Membro (Titular);Controlador - Outros Ministerios/Ministerio da Ciencia Tecnologia e Inovacao;25/05/2023
Financiadora de Estudos e Projetos - FINEP;FINEP;De Administracao;Luis Manuel Rebelo Fernandes;Presidente (Titular);Controlador - Outros Ministerios/Ministerio da Ciencia Tecnologia e Inovacao;24/04/2023
Financiadora de Estudos e Projetos - FINEP;FINEP;De Administracao;Rubens Diniz Tavares;Membro (Titular);Controlador - Outros Ministerios/Ministerio da Ciencia Tecnologia e Inovacao;23/06/2023
Financiadora de Estudos e Projetos - FINEP;FINEP;De Administracao;Miguel Ragone De Mattos;Membro (Titular);Controlador - Outros Ministerios/Ministerio da Fazenda;19/04/2022
Hospital de Clinicas de Porto Alegre;HCPA;De Administracao;Nadine Oliveira Clausell;Membro (Titular);Cargo estatutario do presidente da empresa;04/10/2022
Hospital de Clinicas de Porto Alegre;HCPA;De Administracao;Marcio Tavares Dos Santos;Membro (Titular);Ministerio da Gestao - CA (Paragrafo unico Art. 32 Lei n 14.600/2023);28/08/2023
Hospital de Clinicas de Porto Alegre;HCPA;De Administracao;Andre Tiago Da Luz Tartas;Membro (Titular);Representante dos Empregados;04/10/2022
Hospital de Clinicas de Porto Alegre;HCPA;De Administracao;Lucia Maria Kliemann;Presidente (Titular);Outras Entidades/FAMED;31/08/2020
Hospital de Clinicas de Porto Alegre;HCPA;De Administracao;Angelo Vinicius Alves Do Nascimento Azevedo Roda;Membro (Titular);Controlador - Ministerio Setorial/Ministerio da Educacao;31/07/2023
Hospital de Clinicas de Porto Alegre;HCPA;De Administracao;Maria Izolda Cela De Arruda Coelho;Membro (Titular);Controlador - Ministerio Setorial/Ministerio da Educacao;27/07/2023
Hospital de Clinicas de Porto Alegre;HCPA;De Administracao;Juliana Maria De Almeida Barros;Membro (Titular);Controlador - Outros Ministerios/Ministerio da Fazenda;22/09/2023
Hospital de Clinicas de Porto Alegre;HCPA;De Administracao;Nilton Pereira Junior;Membro (Titular);Controlador - Outros Ministerios/Ministerio da Saude;22/09/2023
Hospital de Clinicas de Porto Alegre;HCPA;De Administracao;Ana Maria Muller De Magalhaes;Vice-presidente (Titular);Outras Entidades/UFRGS;04/10/2022
Hospital de Clinicas de Porto Alegre;HCPA;De Administracao;Danilo Knijnik;Membro (Titular);Outras Entidades/UFRGS;28/09/2022
Hospital de Clinicas de Porto Alegre;HCPA;De Administracao;Patricia Helena Lucas Pranke;Membro (Titular);Outras Entidades/UFRGS;25/01/2021
EMPRESA BRASILEIRA DE HEMODERIVADOS E BIOTECNOLOGIA - HEMOBRaS;HEMOBRaS;De Administracao;Maria Fernanda Ramos Coelho;Membro (Titular);Ministerio da Gestao - CA (Paragrafo unico Art. 32 Lei n 14.600/2023);13/07/2023
EMPRESA BRASILEIRA DE HEMODERIVADOS E BIOTECNOLOGIA - HEMOBRaS;HEMOBRaS;De Administracao;Helio Ricardo Ferreira Couto;Membro (Titular);Representante dos Empregados;20/04/2023
EMPRESA BRASILEIRA DE HEMODERIVADOS E BIOTECNOLOGIA - HEMOBRaS;HEMOBRaS;De Administracao;Elton Da Silva Chaves;Membro (Titular);Outras Entidades/CONASEMS;17/08/2018
EMPRESA BRASILEIRA DE HEMODERIVADOS E BIOTECNOLOGIA - HEMOBRaS;HEMOBRaS;De Administracao;Leonardo Moura Vilela;Membro (Titular);Outras Entidades/CONASS (Conselho Nacional de Secretarios de Saude);23/07/2019
EMPRESA BRASILEIRA DE HEMODERIVADOS E BIOTECNOLOGIA - HEMOBRaS;HEMOBRaS;De Administracao;Guilherme Laux;Membro (Titular);Controlador - Outros Ministerios/Ministerio da Fazenda;25/09/2023
EMPRESA BRASILEIRA DE HEMODERIVADOS E BIOTECNOLOGIA - HEMOBRaS;HEMOBRaS;De Administracao;Diego Pessoa Gomes;Membro (Titular);Controlador - Ministerio Setorial/Ministerio da Saude;25/09/2023
EMPRESA BRASILEIRA DE HEMODERIVADOS E BIOTECNOLOGIA - HEMOBRaS;HEMOBRaS;De Administracao;Ana Paula Teles Ferreira Barreto;Vice-presidente (Titular);Controlador - Ministerio Setorial/Ministerio da Saude;23/02/2021
EMPRESA BRASILEIRA DE HEMODERIVADOS E BIOTECNOLOGIA - HEMOBRaS;HEMOBRaS;De Administracao;Carlos Amilcar Salgado;Membro (Titular);Controlador - Ministerio Setorial/Ministerio da Saude;11/08/2023
EMPRESA BRASILEIRA DE HEMODERIVADOS E BIOTECNOLOGIA - HEMOBRaS;HEMOBRaS;De Administracao;Carlos Augusto Grabois Gadelha;Presidente (Titular);Controlador - Ministerio Setorial/Ministerio da Saude;11/08/2023
EMPRESA BRASILEIRA DE HEMODERIVADOS E BIOTECNOLOGIA - HEMOBRaS;HEMOBRaS;De Administracao;Pedro Canisio Binsfeld;Membro (Titular);Outras Entidades/SINASAN;17/01/2020
EMPRESA BRASILEIRA DE HEMODERIVADOS E BIOTECNOLOGIA - HEMOBRaS;HEMOBRaS;De Administracao;Eduardo Maercio Froes;Membro (Titular);Outras Entidades/CNS - Conselho Nacional de Saude;17/01/2024
INDuSTRIA DE MATERIAL BeLICO DO BRASIL - IMBEL;IMBEL;De Administracao;Ricardo Rodrigues Canhaci;Membro (Titular);Cargo estatutario do presidente da empresa;04/05/2022
INDuSTRIA DE MATERIAL BeLICO DO BRASIL - IMBEL;IMBEL;De Administracao;Rodrigo Estrela De Carvalho;Membro (Titular);Ministerio da Gestao - CA (Paragrafo unico Art. 32 Lei n 14.600/2023);12/07/2023
INDuSTRIA DE MATERIAL BeLICO DO BRASIL - IMBEL;IMBEL;De Administracao;Benedito Raimundo Venancio;Membro (Titular);Representante dos Empregados;22/11/2023
INDuSTRIA DE MATERIAL BeLICO DO BRASIL - IMBEL;IMBEL;De Administracao;Leandro Gostisa;Membro (Titular);Controlador - Outros Ministerios/Ministerio da Fazenda;11/10/2019
INDuSTRIA DE MATERIAL BeLICO DO BRASIL - IMBEL;IMBEL;De Administracao;Eduardo Cesar Pasa;Membro (Titular);Controlador - Ministerio Setorial/Ministerio da Defesa;01/10/2019
INDuSTRIA DE MATERIAL BeLICO DO BRASIL - IMBEL;IMBEL;De Administracao;Achilles Furlan Neto;Presidente (Titular);Controlador - Ministerio Setorial/Ministerio da Defesa;11/07/2023
INDuSTRIA DE MATERIAL BeLICO DO BRASIL - IMBEL;IMBEL;De Administracao;Luciano Jose Penna;Membro (Titular);Controlador - Ministerio Setorial/Ministerio da Defesa;31/10/2023
INDuSTRIAS NUCLEARES DO BRASIL S.A. - INB;INB;De Administracao;Adauto Seixas;Membro (Titular);Cargo estatutario do presidente da empresa;01/09/2023
INDuSTRIAS NUCLEARES DO BRASIL S.A. - INB;INB;De Administracao;Cesar Provazi;Membro (Titular);Representante dos Empregados;20/10/2022
INDuSTRIAS NUCLEARES DO BRASIL S.A. - INB;INB;De Administracao;Igor Souza Ribeiro;Membro (Titular);Controlador - Ministerio Setorial/Ministerio de Minas e Energia;22/04/2024
INDuSTRIAS NUCLEARES DO BRASIL S.A. - INB;INB;De Administracao;Jose Ailton De Lima;Membro (Titular);Controlador - Ministerio Setorial/Ministerio de Minas e Energia;22/04/2024
INDuSTRIAS NUCLEARES DO BRASIL S.A. - INB;INB;De Administracao;Guilherme Dionizio Alves;Membro (Titular);Controlador - Outros Ministerios/Ministerio da Defesa - Comando da Marinha;28/07/2022
INDuSTRIAS NUCLEARES DO BRASIL S.A. - INB;INB;De Administracao;Betania Peixoto Lemos;Membro (Titular);Ministerio da Gestao - CA (Paragrafo unico Art. 32 Lei n 14.600/2023);22/04/2024
Empresa Brasileira de Infraestrutura Aeroportuaria - Infraero;INFRAERO;De Administracao;Renato Bigliazzi;Membro (Titular);Ministerio da Gestao - CA (Paragrafo unico Art. 32 Lei n 14.600/2023);26/04/2023
Empresa Brasileira de Infraestrutura Aeroportuaria - Infraero;INFRAERO;De Administracao;Rodrigo Silva Goncalves;Membro (Titular);Representante dos Empregados;26/04/2018
Empresa Brasileira de Infraestrutura Aeroportuaria - Infraero;INFRAERO;De Administracao;Mariana Pescatori Candido Da Silva;Membro (Titular);Controlador - Ministerio Setorial/Ministerio de Portos e Aeroportos;07/06/2023
Empresa Brasileira de Infraestrutura Aeroportuaria - Infraero;INFRAERO;De Administracao;Mauricio Pinto Pereira Juvenal;Membro (Titular);Controlador - Ministerio Setorial/Ministerio de Portos e Aeroportos;07/06/2023
Empresa Brasileira de Infraestrutura Aeroportuaria - Infraero;INFRAERO;De Administracao;Aramis Sa De Andrade;Membro (Titular);Controlador - Ministerio Setorial/Ministerio de Portos e Aeroportos;29/09/2020
Empresa Brasileira de Infraestrutura Aeroportuaria - Infraero;INFRAERO;De Administracao;Hudson Costa Potiguara;Membro (Titular);Controlador - Outros Ministerios/Ministerio da Defesa;14/06/2023
Empresa Brasileira de Infraestrutura Aeroportuaria - Infraero;INFRAERO;De Administracao;Leandro Monteiro De Souza Miranda;Presidente (Titular);Controlador - Ministerio Setorial/Ministerio de Portos e Aeroportos;19/09/2022
NAV Brasil Servicos de Navegacao Aerea S.A.;NAV Brasil;De Administracao;Jose Pompeu Dos Magalhaes Brasil Filho;Membro (Titular);Cargo estatutario do presidente da empresa;30/06/2021
NAV Brasil Servicos de Navegacao Aerea S.A.;NAV Brasil;De Administracao;Ana Lilia Lima Dos Santos;Membro (Titular);Ministerio da Gestao - CA (Paragrafo unico Art. 32 Lei n 14.600/2023);29/06/2023
NAV Brasil Servicos de Navegacao Aerea S.A.;NAV Brasil;De Administracao;Emanuel Barbosa Costa Ribeiro;Membro (Titular);Representante dos Empregados;29/06/2023
NAV Brasil Servicos de Navegacao Aerea S.A.;NAV Brasil;De Administracao;John Weber Rocha;Membro (Titular);Controlador - Outros Ministerios/Ministerio de Portos e Aeroportos;30/06/2021
NAV Brasil Servicos de Navegacao Aerea S.A.;NAV Brasil;De Administracao;Pedro Luiz Rodrigues Guimaraes;Membro (Titular);Controlador - Ministerio Setorial/Ministerio da Defesa - Comando da Aeronautica;29/06/2023
NAV Brasil Servicos de Navegacao Aerea S.A.;NAV Brasil;De Administracao;Braulio Mendonca Meneses;Membro (Titular);Controlador - Ministerio Setorial/Ministerio da Defesa - Comando da Aeronautica;29/08/2023
NAV Brasil Servicos de Navegacao Aerea S.A.;NAV Brasil;De Administracao;Hiran Williams De Almeida;Presidente (Titular);Controlador - Ministerio Setorial/Ministerio da Defesa - Comando da Aeronautica;29/06/2023
NUCLEBRaS EQUIPAMENTOS PESADOS S.A. - NUCLEP;NUCLEP;De Administracao;Carlos Henrique Silva Seixas;Membro (Titular);Cargo estatutario do presidente da empresa;08/12/2017
NUCLEBRaS EQUIPAMENTOS PESADOS S.A. - NUCLEP;NUCLEP;De Administracao;Rodrigo Botelho Campos;Membro (Titular);Ministerio da Gestao - CA (Paragrafo unico Art. 32 Lei n 14.600/2023);01/12/2023
NUCLEBRaS EQUIPAMENTOS PESADOS S.A. - NUCLEP;NUCLEP;De Administracao;Joao Henrique Daniel;Membro (Titular);Representante dos Empregados;16/07/2022
NUCLEBRaS EQUIPAMENTOS PESADOS S.A. - NUCLEP;NUCLEP;De Administracao;Fabio Rezende Scarton Coutinho;Membro (Titular);Controlador - Ministerio Setorial/Ministerio de Minas e Energia;01/08/2023
NUCLEBRaS EQUIPAMENTOS PESADOS S.A. - NUCLEP;NUCLEP;De Administracao;Luis Guilherme Parga Cintra;Presidente (Titular);Controlador - Ministerio Setorial/Ministerio de Minas e Energia;01/08/2023
NUCLEBRaS EQUIPAMENTOS PESADOS S.A. - NUCLEP;NUCLEP;De Administracao;Luiz Henrique Caroli;Membro (Titular);Controlador - Outros Ministerios/Ministerio da Defesa;01/08/2023
NUCLEBRaS EQUIPAMENTOS PESADOS S.A. - NUCLEP;NUCLEP;De Administracao;Petronio Augusto Siqueira De Aguiar;Membro (Titular);Controlador - Outros Ministerios/Ministerio da Defesa;31/08/2022
PETROBRAS AMERICA INC. - PAI;PETROBRAS;De Administracao;Rubens Azevedo Dos Santos Junior;Membro (Titular);Cargo estatutario do presidente da empresa;30/06/2022
PETROBRAS AMERICA INC. - PAI;PETROBRAS;De Administracao;Daniel Cleverson Pedroso;Membro (Titular);Controlador - Holding;16/08/2021
PETROBRAS AMERICA INC. - PAI;PETROBRAS;De Administracao;Eduardo Coimbra De Almeida;Membro (Titular);Controlador - Holding;01/09/2022
PETROBRAS AMERICA INC. - PAI;PETROBRAS;De Administracao;Eduardo Vairolatti Del Negro Fonseca;Presidente (Titular);Controlador - Holding;19/09/2023
PETRoLEO BRASILEIRO S.A. - PETROBRAS;PETROBRAS;De Administracao;Jose Joao Abdalla Filho;Membro (Titular);Acionistas Minoritarios;25/04/2024
PETRoLEO BRASILEIRO S.A. - PETROBRAS;PETROBRAS;De Administracao;Marcelo Gasparino Da Silva;Membro (Titular);Acionistas Minoritarios;25/04/2024
PETRoLEO BRASILEIRO S.A. - PETROBRAS;PETROBRAS;De Administracao;Francisco Petros Oliveira Lima Papathanasiadis;Membro (Titular);Acionistas Minoritarios;25/04/2024
PETRoLEO BRASILEIRO S.A. - PETROBRAS;PETROBRAS;De Administracao;Jeronimo Antunes;Membro (Titular);Acionistas Preferenciais;25/04/2024
PETRoLEO BRASILEIRO S.A. - PETROBRAS;PETROBRAS;De Administracao;Jean Paul Terra Prates;Membro (Titular);Cargo estatutario do presidente da empresa;25/04/2024
PETRoLEO BRASILEIRO S.A. - PETROBRAS;PETROBRAS;De Administracao;Bruno Moretti;Membro (Titular);Ministerio da Gestao - CA (Paragrafo unico Art. 32 Lei n 14.600/2023);25/04/2024
PETRoLEO BRASILEIRO S.A. - PETROBRAS;PETROBRAS;De Administracao;Rosangela Buzanelli Torres;Membro (Titular);Representante dos Empregados;25/04/2024
PETRoLEO BRASILEIRO S.A. - PETROBRAS;PETROBRAS;De Administracao;Rafael Ramalho Dubeux;Membro (Titular);Controlador - Ministerio Setorial/Ministerio de Minas e Energia;25/04/2024
PETRoLEO BRASILEIRO S.A. - PETROBRAS;PETROBRAS;De Administracao;Pietro Adamo Sampaio Mendes;Presidente (Titular);Controlador - Ministerio Setorial/Ministerio de Minas e Energia;25/04/2024
PETRoLEO BRASILEIRO S.A. - PETROBRAS;PETROBRAS;De Administracao;Renato Campos Galuppo;Membro (Titular);Controlador - Ministerio Setorial/Ministerio de Minas e Energia;25/04/2024
PETRoLEO BRASILEIRO S.A. - PETROBRAS;PETROBRAS;De Administracao;Vitor Eduardo De Almeida Saback;Membro (Titular);Controlador - Ministerio Setorial/Ministerio de Minas e Energia;25/04/2024
EMPRESA BRASILEIRA DE ADMINISTRAcaO DE PETRoLEO E GaS NATURAL S.A. - PRe-SAL PETRoLEO S.A. - PPSA;PPSA;De Administracao;Arthur Cerqueira Valerio;Presidente (Titular);Controlador - Ministerio Setorial/Ministerio de Minas e Energia;11/07/2023
EMPRESA BRASILEIRA DE ADMINISTRAcaO DE PETRoLEO E GaS NATURAL S.A. - PRe-SAL PETRoLEO S.A. - PPSA;PPSA;De Administracao;Ana Paula De Magalhaes Albuquerque Lima;Membro (Titular);Controlador - Ministerio Setorial/Ministerio de Minas e Energia;10/07/2023
EMPRESA BRASILEIRA DE ADMINISTRAcaO DE PETRoLEO E GaS NATURAL S.A. - PRe-SAL PETRoLEO S.A. - PPSA;PPSA;De Administracao;Micheline Xavier Faustino;Membro (Titular);Controlador - Ministerio Setorial/Ministerio de Minas e Energia;04/05/2020
EMPRESA BRASILEIRA DE ADMINISTRAcaO DE PETRoLEO E GaS NATURAL S.A. - PRe-SAL PETRoLEO S.A. - PPSA;PPSA;De Administracao;Valder Ribeiro De Moura;Membro (Titular);Controlador - Outros Ministerios/Presidencia da Republica - Casa Civil;11/07/2023
EMPRESA BRASILEIRA DE ADMINISTRAcaO DE PETRoLEO E GaS NATURAL S.A. - PRe-SAL PETRoLEO S.A. - PPSA;PPSA;De Administracao;Roberto Seara Machado Pojo Do Rego;Membro (Titular);Ministerio da Gestao - CA (Paragrafo unico Art. 32 Lei n 14.600/2023);02/05/2023
EMPRESA BRASILEIRA DE ADMINISTRAcaO DE PETRoLEO E GaS NATURAL S.A. - PRe-SAL PETRoLEO S.A. - PPSA;PPSA;De Administracao;Guilherme Santos Mello;Membro (Titular);Controlador - Outros Ministerios/Ministerio da Fazenda;10/07/2023
SERVIcO FEDERAL DE PROCESSAMENTO DE DADOS - SERPRO;SERPRO;De Administracao;Manoel Tavares De Menezes Netto;Vice-presidente (Titular);Controlador - Ministerio Setorial/Ministerio da Fazenda;28/09/2023
SERVIcO FEDERAL DE PROCESSAMENTO DE DADOS - SERPRO;SERPRO;De Administracao;Ivan Tiago Machado Oliveira;Membro (Titular);Controlador - Ministerio Setorial/Ministerio da Fazenda;24/07/2023
SERVIcO FEDERAL DE PROCESSAMENTO DE DADOS - SERPRO;SERPRO;De Administracao;Renan Pinheiro Do Egypto Guerra;Membro (Titular);Representante dos Empregados;27/04/2022
SERVIcO FEDERAL DE PROCESSAMENTO DE DADOS - SERPRO;SERPRO;De Administracao;Rogerio Souza Mascarenhas;Membro (Titular);Ministerio da Gestao - CA (Paragrafo unico Art. 32 Lei n 14.600/2023);19/04/2024
SERVIcO FEDERAL DE PROCESSAMENTO DE DADOS - SERPRO;SERPRO;De Administracao;Leonardo Andre Paixao;Membro (Titular);Controlador - Ministerio Setorial/Ministerio da Fazenda;02/01/2024
SERVIcO FEDERAL DE PROCESSAMENTO DE DADOS - SERPRO;SERPRO;De Administracao;Fernando Ferreira;Presidente (Titular);Controlador - Ministerio Setorial/Ministerio da Fazenda;18/05/2023
AUTORIDADE PORTUARIA DE SANTOS S.A.;SPA;De Administracao;Adilson Luiz Goncalves;Membro (Titular);Acionistas Minoritarios;11/04/2019
AUTORIDADE PORTUARIA DE SANTOS S.A.;SPA;De Administracao;Thiago Benito Robles;Membro (Titular);Classe Empresarial;17/03/2022
AUTORIDADE PORTUARIA DE SANTOS S.A.;SPA;De Administracao;Cassandra Maroni Nunes;Membro (Titular);Ministerio da Gestao - CA (Paragrafo unico Art. 32 Lei n 14.600/2023);23/06/2023
AUTORIDADE PORTUARIA DE SANTOS S.A.;SPA;De Administracao;Sidney Antonio Verde;Membro (Titular);Representante dos Empregados;11/12/2020
AUTORIDADE PORTUARIA DE SANTOS S.A.;SPA;De Administracao;Carlos Henrique Martins De Lima;Presidente (Titular);Controlador - Outros Ministerios/Ministerio de Portos e Aeroportos;01/09/2023
AUTORIDADE PORTUARIA DE SANTOS S.A.;SPA;De Administracao;Fabio Lavor Teixeira;Membro (Titular);Controlador - Outros Ministerios/Ministerio de Portos e Aeroportos;24/05/2019
AUTORIDADE PORTUARIA DE SANTOS S.A.;SPA;De Administracao;Alex Sandro De Avila;Membro (Titular);Controlador - Outros Ministerios/Ministerio de Portos e Aeroportos;23/04/2024
TRANSPORTADORA BRASILEIRA GASODUTO BOLiVIA-BRASIL S.A. - TBG;TBG;De Administracao;Sebastien Jean P Lahouste;Membro (Titular);Acionistas Minoritarios;18/05/2023
TRANSPORTADORA BRASILEIRA GASODUTO BOLiVIA-BRASIL S.A. - TBG;TBG;De Administracao;Matthias Renaat Amandus Ivens;Membro (Titular);Acionistas Minoritarios;15/03/2024
TRANSPORTADORA BRASILEIRA GASODUTO BOLiVIA-BRASIL S.A. - TBG;TBG;De Administracao;Juan Carlos Ortiz Banzer;Membro (Titular);Acionistas Minoritarios;23/09/2022
TRANSPORTADORA BRASILEIRA GASODUTO BOLiVIA-BRASIL S.A. - TBG;TBG;De Administracao;Hermes Jorge Chipp;Membro (Titular);Controlador - Holding;15/12/2023
TRANSPORTADORA BRASILEIRA GASODUTO BOLiVIA-BRASIL S.A. - TBG;TBG;De Administracao;Gelson Baptista Serva;Presidente (Titular);Controlador - Holding;15/12/2023
TRANSPORTADORA BRASILEIRA GASODUTO BOLiVIA-BRASIL S.A. - TBG;TBG;De Administracao;Suzana Kahn Ribeiro;Membro (Titular);Controlador - Holding;15/12/2023
TRANSPORTADORA BRASILEIRA GASODUTO BOLiVIA-BRASIL S.A. - TBG;TBG;De Administracao;Cilair Rodrigues De Abreu;Membro (Titular);Ministerio da Gestao - CA (Paragrafo unico Art. 32 Lei n 14.600/2023);01/06/2023
TRANSPORTADORA BRASILEIRA GASODUTO BOLiVIA-BRASIL S.A. - TBG;TBG;De Administracao;Fabiola De Vasconcelos Matos;Membro (Titular);Representante dos Empregados;16/06/2023
Telecomunicacoes Brasileiras S.A.;TELEBRAS;De Administracao;Lauro Arcangelo Zanol;Membro (Titular);Acionistas Minoritarios;23/04/2024
Telecomunicacoes Brasileiras S.A.;TELEBRAS;De Administracao;Jeronimo Jose Cabral Guedes;Membro (Titular);Acionistas Preferenciais;23/04/2024
Telecomunicacoes Brasileiras S.A.;TELEBRAS;De Administracao;Joao Caldeira Brant Monteiro De Castro;Membro (Titular);Ministerio da Gestao - CA (Paragrafo unico Art. 32 Lei n 14.600/2023);23/04/2024
Telecomunicacoes Brasileiras S.A.;TELEBRAS;De Administracao;Micheli Vieira Chervinski;Membro (Titular);Representante dos Empregados;23/04/2024
Telecomunicacoes Brasileiras S.A.;TELEBRAS;De Administracao;Marco Norci Schroeder;Membro (Titular);Controlador - Ministerio Setorial/Ministerio das Comunicacoes;23/04/2024
Telecomunicacoes Brasileiras S.A.;TELEBRAS;De Administracao;Julio Francisco Semeghini Neto;Membro (Titular);Controlador - Ministerio Setorial/Ministerio das Comunicacoes;23/04/2024
Telecomunicacoes Brasileiras S.A.;TELEBRAS;De Administracao;Gil Pinto Loja Neto;Membro (Titular);Controlador - Ministerio Setorial/Ministerio das Comunicacoes;23/04/2024
Telecomunicacoes Brasileiras S.A.;TELEBRAS;De Administracao;Jorge Ricardo Bittar;Membro (Titular);Controlador - Ministerio Setorial/Ministerio das Comunicacoes;23/04/2024
TERMOBAHIA S.A.;TERMOBAHIA;De Administracao;Leonardo Santos Ferreira;Membro (Titular);Controlador - Holding;30/08/2022
TERMOBAHIA S.A.;TERMOBAHIA;De Administracao;Isabella Carneiro Leao;Presidente (Titular);Controlador - Holding;30/08/2022
TERMOBAHIA S.A.;TERMOBAHIA;De Administracao;Paulo Leonardo Marinho Filho;Membro (Titular);Ministerio da Gestao - CA (Paragrafo unico Art. 32 Lei n 14.600/2023);30/08/2022
PETROBRAS TRANSPORTE S.A. - TRANSPETRO;PETROBRAS;De Administracao;William Franca Da Silva;Presidente (Titular);Controlador - Holding;29/09/2023
PETROBRAS TRANSPORTE S.A. - TRANSPETRO;PETROBRAS;De Administracao;Marcus Benicio Foltz Cavalcanti;Membro (Titular);Controlador - Holding;15/12/2023
PETROBRAS TRANSPORTE S.A. - TRANSPETRO;PETROBRAS;De Administracao;Carlos Eduardo Lessa Brandao;Membro (Titular);Controlador - Holding;12/12/2022
PETROBRAS TRANSPORTE S.A. - TRANSPETRO;PETROBRAS;De Administracao;William Vella Nozaki;Membro (Titular);Controlador - Holding;01/12/2023
PETROBRAS TRANSPORTE S.A. - TRANSPETRO;PETROBRAS;De Administracao;Maria Isabel De Faria Perez;Membro (Titular);Controlador - Holding;30/11/2022
PETROBRAS TRANSPORTE S.A. - TRANSPETRO;PETROBRAS;De Administracao;Carolina Gabas Stuchi;Membro (Titular);Ministerio da Gestao - CA (Paragrafo unico Art. 32 Lei n 14.600/2023);04/08/2023
PETROBRAS TRANSPORTE S.A. - TRANSPETRO;PETROBRAS;De Administracao;Felipe Homero Pontes;Membro (Titular);Representante dos Empregados;30/11/2022
EMPRESA DE TRENS URBANOS DE PORTO ALEGRE S.A. - TRENSURB;TRENSURB;De Administracao;Roberta Zanenga De Godoy Marchesi;Membro (Titular);Acionistas Minoritarios;15/08/2019
EMPRESA DE TRENS URBANOS DE PORTO ALEGRE S.A. - TRENSURB;TRENSURB;De Administracao;Mariana Moya De Oliveira;Presidente (Titular);Ministerio da Gestao - CA (Paragrafo unico Art. 32 Lei n 14.600/2023);26/06/2023
EMPRESA DE TRENS URBANOS DE PORTO ALEGRE S.A. - TRENSURB;TRENSURB;De Administracao;Leonardo Miranda Freitas;Membro (Titular);Representante dos Empregados;18/02/2022
EMPRESA DE TRENS URBANOS DE PORTO ALEGRE S.A. - TRENSURB;TRENSURB;De Administracao;Maria Jose Duarte Goncalves Ramos;Membro (Titular);Controlador - Ministerio Setorial/Ministerio das Cidades;26/06/2023
EMPRESA DE TRENS URBANOS DE PORTO ALEGRE S.A. - TRENSURB;TRENSURB;De Administracao;Renato Boareto;Membro (Titular);Controlador - Ministerio Setorial/Ministerio das Cidades;26/06/2023
EMPRESA DE TRENS URBANOS DE PORTO ALEGRE S.A. - TRENSURB;TRENSURB;De Administracao;Elisa De Oliveira Alves;Membro (Titular);Controlador - Ministerio Setorial/Ministerio das Cidades;06/07/2023
EMPRESA DE TRENS URBANOS DE PORTO ALEGRE S.A. - TRENSURB;TRENSURB;De Administracao;Alice De Almeida Vasconcellos De Carvalho;Membro (Titular);Controlador - Ministerio Setorial/Ministerio das Cidades;29/09/2023
VALEC - ENGENHARIA CONSTRUcoES E FERROVIAS S.A.;VALEC;De Administracao;Daniela Salomao Gorayeb;Membro (Titular);Ministerio da Gestao - CA (Paragrafo unico Art. 32 Lei n 14.600/2023);29/04/2023
VALEC - ENGENHARIA CONSTRUcoES E FERROVIAS S.A.;VALEC;De Administracao;Fernando Aldeia Loureiro;Membro (Titular);Representante dos Empregados;24/11/2023
VALEC - ENGENHARIA CONSTRUcoES E FERROVIAS S.A.;VALEC;De Administracao;Claudia Tavares Fernandes;Membro (Titular);Controlador - Outros Ministerios/Ministerio da Fazenda;24/08/2023
VALEC - ENGENHARIA CONSTRUcoES E FERROVIAS S.A.;VALEC;De Administracao;Antonio Mathias Nogueira Moreira;Presidente (Titular);Controlador - Ministerio Setorial/Ministerio dos Transportes;29/04/2023
VALEC - ENGENHARIA CONSTRUcoES E FERROVIAS S.A.;VALEC;De Administracao;Cloves Eduardo Benevides;Membro (Titular);Controlador - Ministerio Setorial/Ministerio dos Transportes;22/02/2024
